,LineNumber,Accel_X,Accel_Y,Accel_Z,Velocity,RealTime,Label
0,24,-0.23,0.2,-0.19,0.0,2022-03-04 10:39:56.194,0
1,44,0.19,0.13,-0.25,0.0,2022-03-04 10:39:56.293,0
2,64,-0.23,0.1,-0.35,0.0,2022-03-04 10:39:56.392,0
3,84,-0.33,0.2,-0.22,0.0,2022-03-04 10:39:56.498,0
4,106,0.15,0.08,-0.4,0.0,2022-03-04 10:39:56.591,0
5,126,-0.25,0.29,-0.26,0.0,2022-03-04 10:39:56.690,0
6,148,-0.18,0.06,-0.27,0.0,2022-03-04 10:39:56.799,0
7,168,-0.23,0.16,-0.3,0.0,2022-03-04 10:39:56.899,0
8,188,-0.23,0.19,-0.37,0.0,2022-03-04 10:39:56.998,0
9,206,-0.2,0.12,-0.19,0.0,2022-03-04 10:39:57.088,0
10,232,-0.25,0.24,-0.39,0.0,2022-03-04 10:39:57.196,0
11,252,-0.29,0.16,-0.34,0.0,2022-03-04 10:39:57.296,0
12,272,-0.24,0.09,-0.24,0.0,2022-03-04 10:39:57.395,0
13,292,-0.2,0.24,-0.25,0.0,2022-03-04 10:39:57.494,0
14,314,-0.25,0.2,-0.27,0.0,2022-03-04 10:39:57.593,0
15,334,-0.18,0.09,-0.22,0.0,2022-03-04 10:39:57.694,0
16,354,-0.17,0.19,-0.27,0.0,2022-03-04 10:39:57.792,0
17,374,-0.24,0.21,-0.27,0.0,2022-03-04 10:39:57.891,0
18,394,-0.4,0.24,-0.41,0.0,2022-03-04 10:39:57.990,0
19,414,0.17,0.17,-0.33,0.0,2022-03-04 10:39:58.090,0
20,436,-0.24,0.15,-0.41,0.0,2022-03-04 10:39:58.199,0
21,460,0.18,0.1,-0.37,0.0,2022-03-04 10:39:58.298,0
22,480,-0.25,0.33,-0.5,0.0,2022-03-04 10:39:58.397,0
23,500,0.38,0.11,0.41,0.0,2022-03-04 10:39:58.497,0
24,522,-0.25,0.23,-0.28,0.0,2022-03-04 10:39:58.596,0
25,542,-0.33,0.16,-0.34,0.0,2022-03-04 10:39:58.695,0
26,562,-0.13,0.14,-0.41,0.0,2022-03-04 10:39:58.795,0
27,582,-0.25,0.23,-0.26,0.0,2022-03-04 10:39:58.893,0
28,602,-0.25,0.14,-0.26,0.0,2022-03-04 10:39:58.993,2
29,622,-0.16,0.16,-0.25,0.0,2022-03-04 10:39:59.092,2
30,642,-0.23,0.16,-0.33,0.0,2022-03-04 10:39:59.192,2
31,666,-0.25,0.89,-0.64,0.0,2022-03-04 10:39:59.291,2
32,686,0.7,0.69,-0.85,0.0,2022-03-04 10:39:59.390,2
33,706,-0.52,0.66,-0.62,0.0,2022-03-04 10:39:59.491,2
34,728,-0.58,0.92,-0.31,0.0,2022-03-04 10:39:59.589,2
35,748,-0.44,1.23,-0.56,0.0,2022-03-04 10:39:59.688,2
36,770,-0.38,1.87,-0.66,0.0,2022-03-04 10:39:59.799,2
37,790,-0.53,2.32,-0.43,0.0,2022-03-04 10:39:59.896,2
38,810,-0.76,2.55,-0.68,0.0,2022-03-04 10:39:59.996,2
39,830,-0.93,3.01,-0.96,0.0,2022-03-04 10:40:00.097,2
40,854,-0.51,2.86,-1.16,0.0,2022-03-04 10:40:00.195,2
41,874,-0.81,2.73,1.08,0.0,2022-03-04 10:40:00.293,2
42,894,-0.77,2.9,0.93,0.0,2022-03-04 10:40:00.392,2
43,914,-0.62,3.04,2.18,0.0,2022-03-04 10:40:00.491,2
44,936,-1.25,3.48,-1.88,0.0,2022-03-04 10:40:00.591,2
45,956,-0.94,3.44,2.06,0.0,2022-03-04 10:40:00.690,2
46,976,-0.52,3.11,1.67,0.0,2022-03-04 10:40:00.791,2
47,996,-0.51,2.79,-1.44,0.0,2022-03-04 10:40:00.890,2
48,1018,-0.7,2.15,-1.24,0.0,2022-03-04 10:40:00.999,2
49,1036,-0.6,2.63,1.5,0.0,2022-03-04 10:40:01.094,2
50,1062,-0.95,2.86,-1.05,5.4,2022-03-04 10:40:01.199,2
51,1082,-1.18,2.38,-1.01,5.4,2022-03-04 10:40:01.297,2
52,1102,-0.86,1.8,-0.69,5.4,2022-03-04 10:40:01.395,2
53,1122,-0.71,1.53,-0.52,5.4,2022-03-04 10:40:01.494,2
54,1144,-0.52,1.91,-0.75,5.4,2022-03-04 10:40:01.593,2
55,1164,-0.48,2.1,-0.93,5.4,2022-03-04 10:40:01.694,2
56,1184,-0.58,1.93,0.69,5.4,2022-03-04 10:40:01.792,2
57,1204,-0.65,1.98,-1.24,5.4,2022-03-04 10:40:01.891,2
58,1224,-0.53,2.25,-1.06,5.4,2022-03-04 10:40:01.991,2
59,1244,-0.68,1.95,-0.95,5.4,2022-03-04 10:40:02.090,2
60,1266,-0.8,2.29,0.46,16.2,2022-03-04 10:40:02.193,2
61,1288,-0.73,2.56,0.74,16.2,2022-03-04 10:40:02.288,2
62,1308,-2.01,2.42,-1.07,16.2,2022-03-04 10:40:02.388,2
63,1328,-1.57,2.5,-1.14,16.2,2022-03-04 10:40:02.489,2
64,1350,-2.13,2.35,-1.64,16.2,2022-03-04 10:40:02.588,2
65,1370,-2.25,2.25,1.47,16.2,2022-03-04 10:40:02.688,2
66,1390,-1.12,2.17,-1.63,16.2,2022-03-04 10:40:02.788,2
67,1412,-1.59,1.77,-1.93,16.2,2022-03-04 10:40:02.894,2
68,1432,-1.35,1.62,1.24,16.2,2022-03-04 10:40:02.993,2
69,1452,-1.08,1.29,-0.78,16.2,2022-03-04 10:40:03.093,2
70,1476,0.65,1.1,-1.22,24.1,2022-03-04 10:40:03.192,2
71,1496,-0.95,1.95,-1.8,24.1,2022-03-04 10:40:03.292,2
72,1516,-1.6,2.06,2.8,24.1,2022-03-04 10:40:03.390,2
73,1536,-1.1,1.83,2.43,24.1,2022-03-04 10:40:03.490,2
74,1558,-0.82,-0.62,-2.14,24.1,2022-03-04 10:40:03.589,2
75,1580,-0.61,-0.94,-1.05,24.1,2022-03-04 10:40:03.699,2
76,1600,-0.75,-0.7,-1.0,24.1,2022-03-04 10:40:03.798,2
77,1620,-0.94,-0.47,0.74,24.1,2022-03-04 10:40:03.898,2
78,1640,-0.74,-0.46,0.79,24.1,2022-03-04 10:40:03.997,2
79,1660,0.43,-0.66,0.94,24.1,2022-03-04 10:40:04.095,2
80,1684,-0.7,-0.81,-1.05,27.4,2022-03-04 10:40:04.194,2
81,1704,-1.0,-0.65,-1.55,27.4,2022-03-04 10:40:04.294,2
82,1724,0.84,1.27,1.44,27.4,2022-03-04 10:40:04.394,2
83,1744,-0.71,1.62,2.28,27.4,2022-03-04 10:40:04.492,2
84,1766,-0.96,1.75,1.04,27.4,2022-03-04 10:40:04.591,2
85,1786,1.32,0.92,0.63,27.4,2022-03-04 10:40:04.690,2
86,1806,-0.9,1.57,-1.43,27.4,2022-03-04 10:40:04.790,2
87,1826,-0.63,1.59,-1.43,27.4,2022-03-04 10:40:04.889,2
88,1846,-0.68,0.75,0.77,27.4,2022-03-04 10:40:04.988,2
89,1868,0.52,1.26,-1.0,27.4,2022-03-04 10:40:05.098,2
90,1892,-0.61,1.16,-1.35,30.6,2022-03-04 10:40:05.198,2
91,1912,-0.47,1.36,-1.1,30.6,2022-03-04 10:40:05.297,2
92,1932,-0.69,1.3,1.64,30.6,2022-03-04 10:40:05.397,2
93,1952,-0.7,1.32,1.66,30.6,2022-03-04 10:40:05.496,2
94,1974,-0.93,1.63,1.24,30.6,2022-03-04 10:40:05.594,2
95,1994,-0.79,1.57,-1.35,30.6,2022-03-04 10:40:05.693,2
96,2012,-1.24,1.89,-1.89,30.6,2022-03-04 10:40:05.783,2
97,2034,-1.09,1.53,1.11,30.6,2022-03-04 10:40:05.891,2
98,2054,-0.88,1.78,-1.04,30.6,2022-03-04 10:40:05.991,2
99,2074,-0.95,1.62,-1.28,30.6,2022-03-04 10:40:06.090,2
100,2100,-0.83,1.74,-1.36,36.0,2022-03-04 10:40:06.199,2
101,2120,-1.03,1.52,1.14,36.0,2022-03-04 10:40:06.299,2
102,2140,-1.03,1.43,-1.33,36.0,2022-03-04 10:40:06.397,2
103,2160,-0.63,1.27,1.12,36.0,2022-03-04 10:40:06.498,2
104,2182,0.76,0.61,1.68,36.0,2022-03-04 10:40:06.596,2
105,2202,-1.37,1.08,-1.39,36.0,2022-03-04 10:40:06.697,2
106,2222,-2.28,0.73,1.3,36.0,2022-03-04 10:40:06.796,2
107,2242,-1.02,0.89,0.93,36.0,2022-03-04 10:40:06.895,2
108,2262,-1.86,0.91,-1.2,36.0,2022-03-04 10:40:06.995,2
109,2282,1.61,0.9,-1.08,36.0,2022-03-04 10:40:07.095,2
110,2306,-1.33,0.69,-0.69,40.7,2022-03-04 10:40:07.192,2
111,2326,-1.33,0.87,-0.79,40.7,2022-03-04 10:40:07.291,2
112,2346,-0.92,-1.26,-0.59,40.7,2022-03-04 10:40:07.390,2
113,2366,-0.74,-1.3,1.79,40.7,2022-03-04 10:40:07.490,2
114,2388,1.11,-0.99,1.65,40.7,2022-03-04 10:40:07.589,2
115,2410,-0.77,-1.82,1.68,40.7,2022-03-04 10:40:07.699,2
116,2430,-0.47,-1.15,-1.57,40.7,2022-03-04 10:40:07.798,2
117,2450,-0.91,-1.41,-1.34,40.7,2022-03-04 10:40:07.897,2
118,2470,-0.4,-0.85,-0.84,40.7,2022-03-04 10:40:07.998,2
119,2490,-0.78,-0.85,0.93,40.7,2022-03-04 10:40:08.095,2
120,2514,-0.94,0.48,0.93,42.5,2022-03-04 10:40:08.195,2
121,2534,-0.9,0.74,-1.03,42.5,2022-03-04 10:40:08.295,2
122,2554,-1.16,-1.07,0.65,42.5,2022-03-04 10:40:08.395,2
123,2574,-0.81,0.76,0.87,42.5,2022-03-04 10:40:08.494,2
124,2596,-0.66,-0.54,-0.51,42.5,2022-03-04 10:40:08.591,2
125,2616,-0.78,0.52,-0.41,42.5,2022-03-04 10:40:08.694,2
126,2636,-0.98,-0.23,0.8,42.5,2022-03-04 10:40:08.790,2
127,2656,-0.56,-0.2,-0.48,42.5,2022-03-04 10:40:08.892,2
128,2678,-0.58,0.43,-0.89,42.5,2022-03-04 10:40:08.998,2
129,2696,-0.8,0.36,-0.77,42.5,2022-03-04 10:40:09.088,2
130,2722,-0.96,0.53,0.95,45.0,2022-03-04 10:40:09.197,2
131,2742,-0.73,0.49,1.7,45.0,2022-03-04 10:40:09.298,2
132,2762,-1.12,0.43,-0.83,45.0,2022-03-04 10:40:09.396,2
133,2782,-1.18,0.55,1.24,45.0,2022-03-04 10:40:09.496,2
134,2804,-0.56,0.51,-1.59,45.0,2022-03-04 10:40:09.596,2
135,2824,-0.93,0.92,-1.41,45.0,2022-03-04 10:40:09.694,2
136,2844,-1.39,0.81,-1.74,45.0,2022-03-04 10:40:09.793,2
137,2864,0.25,0.66,1.51,45.0,2022-03-04 10:40:09.893,2
138,2884,-0.82,0.47,-1.02,45.0,2022-03-04 10:40:09.993,2
139,2904,-0.77,0.39,-1.35,45.0,2022-03-04 10:40:10.095,2
140,2926,-0.49,-0.47,-0.88,48.2,2022-03-04 10:40:10.197,2
141,2950,-0.73,-0.89,-1.06,48.2,2022-03-04 10:40:10.299,2
142,2970,-0.42,-1.18,-0.81,48.2,2022-03-04 10:40:10.399,2
143,2990,-0.85,-1.18,-1.01,48.2,2022-03-04 10:40:10.498,2
144,3012,0.35,-0.88,-1.09,48.2,2022-03-04 10:40:10.597,2
145,3032,-0.73,-0.9,-1.29,48.2,2022-03-04 10:40:10.697,2
146,3052,-0.41,-1.17,-0.44,48.2,2022-03-04 10:40:10.796,2
147,3072,0.73,-1.07,0.88,48.2,2022-03-04 10:40:10.896,10
148,3092,0.64,-1.17,-0.62,48.2,2022-03-04 10:40:10.994,10
149,3112,-0.56,-1.03,-0.6,48.2,2022-03-04 10:40:11.095,10
150,3136,0.63,-1.02,-1.06,49.3,2022-03-04 10:40:11.193,10
151,3156,0.68,-1.03,0.87,49.3,2022-03-04 10:40:11.292,10
152,3176,0.71,-0.79,1.37,49.3,2022-03-04 10:40:11.399,10
153,3196,0.99,-1.3,-1.52,49.3,2022-03-04 10:40:11.490,10
154,3220,-0.87,-0.83,-1.19,49.3,2022-03-04 10:40:11.599,10
155,3240,1.04,-1.0,-1.94,49.3,2022-03-04 10:40:11.699,10
156,3258,0.99,-0.91,-0.96,49.3,2022-03-04 10:40:11.789,10
157,3280,0.46,-0.91,1.44,49.3,2022-03-04 10:40:11.897,10
158,3300,0.84,-0.85,0.91,49.3,2022-03-04 10:40:11.997,10
159,3318,0.89,-0.6,-0.85,49.3,2022-03-04 10:40:12.086,10
160,3344,0.47,-0.87,-0.71,49.7,2022-03-04 10:40:12.194,10
161,3364,-0.82,-0.7,-1.94,49.7,2022-03-04 10:40:12.294,10
162,3384,-0.92,-0.63,1.42,49.7,2022-03-04 10:40:12.395,10
163,3404,2.72,-1.17,2.04,49.7,2022-03-04 10:40:12.494,10
164,3426,1.89,-0.74,-1.71,49.7,2022-03-04 10:40:12.593,10
165,3446,0.54,-0.78,-0.83,49.7,2022-03-04 10:40:12.692,10
166,3466,0.57,-0.71,-0.52,49.7,2022-03-04 10:40:12.792,10
167,3486,0.68,-0.71,-1.21,49.7,2022-03-04 10:40:12.892,10
168,3508,0.47,-0.81,-1.35,49.7,2022-03-04 10:40:12.999,10
169,3528,0.48,-0.63,-0.74,49.7,2022-03-04 10:40:13.098,10
170,3552,0.55,-0.77,-0.83,50.8,2022-03-04 10:40:13.198,10
171,3572,0.9,-0.6,-0.51,50.8,2022-03-04 10:40:13.297,10
172,3592,0.99,-0.68,-1.0,50.8,2022-03-04 10:40:13.396,10
173,3612,0.48,-0.55,-0.92,50.8,2022-03-04 10:40:13.495,10
174,3634,0.55,-0.53,-0.9,50.8,2022-03-04 10:40:13.594,10
175,3654,0.54,-0.51,-1.17,50.8,2022-03-04 10:40:13.698,10
176,3674,0.6,-0.63,-0.62,50.8,2022-03-04 10:40:13.794,10
177,3694,-0.57,-0.59,-0.72,50.8,2022-03-04 10:40:13.894,10
178,3714,-0.91,-0.62,0.37,50.8,2022-03-04 10:40:13.992,10
179,3734,-0.9,-0.52,-0.8,50.8,2022-03-04 10:40:14.094,10
180,3758,-0.57,-0.63,-1.25,51.5,2022-03-04 10:40:14.190,10
181,3780,0.94,-0.75,0.5,51.5,2022-03-04 10:40:14.299,10
182,3800,-0.29,-0.6,1.45,51.5,2022-03-04 10:40:14.399,10
183,3820,-0.63,-0.74,-0.71,51.5,2022-03-04 10:40:14.497,10
184,3842,-0.67,-0.85,0.74,51.5,2022-03-04 10:40:14.598,10
185,3862,-0.58,-0.58,-0.96,51.5,2022-03-04 10:40:14.697,10
186,3882,-0.75,-0.81,-0.76,51.5,2022-03-04 10:40:14.796,10
187,3900,-0.78,-0.62,0.52,51.5,2022-03-04 10:40:14.885,10
188,3922,-0.39,-0.82,0.89,51.5,2022-03-04 10:40:14.994,10
189,3942,-0.56,-0.59,-1.02,51.5,2022-03-04 10:40:15.097,10
190,3966,-1.25,-0.59,-0.57,51.8,2022-03-04 10:40:15.193,10
191,3986,-0.48,-0.56,-0.78,51.8,2022-03-04 10:40:15.292,10
192,4006,-0.84,-0.58,-0.79,51.8,2022-03-04 10:40:15.392,10
193,4026,-0.69,-0.7,-0.48,51.8,2022-03-04 10:40:15.492,10
194,4050,-0.83,-0.61,0.88,51.8,2022-03-04 10:40:15.599,10
195,4070,-0.66,-0.78,0.99,51.8,2022-03-04 10:40:15.699,10
196,4090,-0.76,-0.62,-0.77,51.8,2022-03-04 10:40:15.799,10
197,4110,-0.74,-0.69,-1.07,51.8,2022-03-04 10:40:15.897,10
198,4130,-1.01,-0.65,-0.87,51.8,2022-03-04 10:40:15.997,10
199,4150,-0.68,-0.56,-0.66,51.8,2022-03-04 10:40:16.096,10
200,4174,-0.93,-0.84,-1.12,52.2,2022-03-04 10:40:16.195,10
201,4194,-0.65,-0.64,0.81,52.2,2022-03-04 10:40:16.294,5
202,4214,-1.04,-0.73,-0.79,52.2,2022-03-04 10:40:16.395,5
203,4234,-0.51,-0.94,-0.81,52.2,2022-03-04 10:40:16.494,5
204,4256,-1.11,-0.69,-1.86,52.2,2022-03-04 10:40:16.592,5
205,4276,1.73,-1.27,-2.2,52.2,2022-03-04 10:40:16.692,5
206,4296,-2.17,-3.1,-4.04,52.2,2022-03-04 10:40:16.792,5
207,4316,2.96,-1.59,2.45,52.2,2022-03-04 10:40:16.893,5
208,4338,0.74,-1.25,-1.31,52.2,2022-03-04 10:40:16.999,5
209,4358,-0.82,-1.0,-0.36,52.2,2022-03-04 10:40:17.099,5
210,4382,-0.53,-1.19,-0.79,52.2,2022-03-04 10:40:17.197,5
211,4402,-0.49,-1.05,-0.95,51.8,2022-03-04 10:40:17.297,5
212,4422,0.53,-1.15,-0.8,51.8,2022-03-04 10:40:17.396,5
213,4442,0.88,-1.3,-0.51,51.8,2022-03-04 10:40:17.496,5
214,4464,-0.43,-1.3,-0.99,51.8,2022-03-04 10:40:17.595,5
215,4484,-0.69,-1.27,-1.29,51.8,2022-03-04 10:40:17.694,5
216,4504,-0.45,-1.24,-0.81,51.8,2022-03-04 10:40:17.793,5
217,4524,0.47,-1.15,-0.81,51.8,2022-03-04 10:40:17.893,5
218,4544,0.41,-1.28,-0.89,51.8,2022-03-04 10:40:17.992,5
219,4564,-0.69,-1.31,-0.4,51.8,2022-03-04 10:40:18.093,5
220,4588,0.65,-1.43,-0.9,51.8,2022-03-04 10:40:18.191,5
221,4608,0.76,-1.58,-0.49,50.4,2022-03-04 10:40:18.290,5
222,4630,0.82,-1.71,0.77,50.4,2022-03-04 10:40:18.399,5
223,4650,0.54,-1.83,0.53,50.4,2022-03-04 10:40:18.498,5
224,4672,0.7,-1.76,0.53,50.4,2022-03-04 10:40:18.597,5
225,4692,1.01,-1.87,-0.89,50.4,2022-03-04 10:40:18.696,5
226,4712,0.37,-1.97,-0.81,50.4,2022-03-04 10:40:18.796,5
227,4732,0.82,-1.91,0.79,50.4,2022-03-04 10:40:18.896,5
228,4752,0.42,-2.1,-0.43,50.4,2022-03-04 10:40:18.995,5
229,4772,0.62,-1.8,-0.72,50.4,2022-03-04 10:40:19.099,5
230,4796,0.76,-1.94,-0.73,50.4,2022-03-04 10:40:19.193,5
231,4816,0.79,-1.71,0.64,46.4,2022-03-04 10:40:19.292,5
232,4836,0.88,-1.9,-0.78,46.4,2022-03-04 10:40:19.392,5
233,4856,0.97,-2.0,-1.0,46.4,2022-03-04 10:40:19.491,5
234,4878,0.57,-1.92,0.75,46.4,2022-03-04 10:40:19.590,5
235,4900,0.82,-2.01,-0.41,46.4,2022-03-04 10:40:19.699,5
236,4920,0.72,-1.99,-1.1,46.4,2022-03-04 10:40:19.798,5
237,4940,0.9,-1.89,-0.79,46.4,2022-03-04 10:40:19.897,5
238,4960,1.07,-1.93,-0.43,46.4,2022-03-04 10:40:19.997,5
239,4980,0.68,-1.84,-0.66,46.4,2022-03-04 10:40:20.097,5
240,5004,0.76,-2.02,-0.66,46.4,2022-03-04 10:40:20.195,5
241,5024,0.96,-1.88,-0.77,41.4,2022-03-04 10:40:20.295,5
242,5044,1.2,-1.8,-0.74,41.4,2022-03-04 10:40:20.394,5
243,5064,0.62,-1.85,-0.88,41.4,2022-03-04 10:40:20.493,5
244,5086,0.73,-1.87,-0.61,41.4,2022-03-04 10:40:20.593,5
245,5106,0.78,-1.79,0.97,41.4,2022-03-04 10:40:20.691,5
246,5126,0.43,-1.29,-0.8,41.4,2022-03-04 10:40:20.791,5
247,5146,0.83,-1.13,-0.73,41.4,2022-03-04 10:40:20.890,5
248,5166,0.54,-1.16,-0.49,41.4,2022-03-04 10:40:20.990,5
249,5188,0.68,-0.97,0.66,41.4,2022-03-04 10:40:21.099,5
250,5212,0.77,-1.15,-0.37,41.4,2022-03-04 10:40:21.198,5
251,5232,0.7,-1.27,-0.43,36.0,2022-03-04 10:40:21.297,5
252,5252,0.78,-1.24,0.58,36.0,2022-03-04 10:40:21.397,5
253,5272,0.83,-1.45,-0.88,36.0,2022-03-04 10:40:21.496,5
254,5294,1.26,-1.46,0.52,36.0,2022-03-04 10:40:21.595,5
255,5314,1.07,-1.38,0.69,36.0,2022-03-04 10:40:21.694,8
256,5334,1.11,-1.34,-0.48,36.0,2022-03-04 10:40:21.795,8
257,5354,1.03,-1.05,-0.7,36.0,2022-03-04 10:40:21.893,8
258,5374,1.02,-1.05,-0.67,36.0,2022-03-04 10:40:21.993,8
259,5394,1.18,-1.04,-0.57,36.0,2022-03-04 10:40:22.093,8
260,5416,1.36,-0.95,-0.69,36.0,2022-03-04 10:40:22.198,8
261,5438,1.33,-0.93,-0.7,31.0,2022-03-04 10:40:22.290,8
262,5458,1.07,-0.83,-0.62,31.0,2022-03-04 10:40:22.390,8
263,5480,1.22,-0.71,0.64,31.0,2022-03-04 10:40:22.499,8
264,5502,0.83,-0.58,0.53,31.0,2022-03-04 10:40:22.598,8
265,5522,1.01,-0.4,-0.64,31.0,2022-03-04 10:40:22.697,8
266,5542,1.25,0.29,-0.8,31.0,2022-03-04 10:40:22.796,8
267,5562,0.76,-0.19,-0.69,31.0,2022-03-04 10:40:22.896,8
268,5582,0.73,0.18,-0.76,31.0,2022-03-04 10:40:22.995,8
269,5602,-0.75,-0.31,-0.59,31.0,2022-03-04 10:40:23.096,8
270,5626,-1.06,-0.24,0.82,31.0,2022-03-04 10:40:23.193,8
271,5646,-1.0,-0.27,-0.7,27.4,2022-03-04 10:40:23.292,8
272,5666,-1.31,-0.28,-0.59,27.4,2022-03-04 10:40:23.392,8
273,5686,-1.46,-0.33,-0.54,27.4,2022-03-04 10:40:23.491,8
274,5708,-1.52,-0.23,0.45,27.4,2022-03-04 10:40:23.590,8
275,5728,-1.91,-0.35,0.45,27.4,2022-03-04 10:40:23.690,8
276,5748,-1.99,-0.3,-0.59,27.4,2022-03-04 10:40:23.789,8
277,5768,-2.26,-0.4,-0.5,27.4,2022-03-04 10:40:23.888,8
278,5790,-2.78,-0.29,0.5,27.4,2022-03-04 10:40:23.997,8
279,5810,-3.01,-0.29,0.93,27.4,2022-03-04 10:40:24.097,8
280,5834,-2.9,-0.51,0.63,27.4,2022-03-04 10:40:24.196,8
281,5854,-3.4,-0.42,0.77,24.5,2022-03-04 10:40:24.295,8
282,5874,-3.69,-0.39,-0.6,24.5,2022-03-04 10:40:24.394,8
283,5894,-3.71,-0.63,0.54,24.5,2022-03-04 10:40:24.494,8
284,5916,-3.91,-0.69,0.95,24.5,2022-03-04 10:40:24.593,8
285,5936,-3.53,-0.51,0.74,24.5,2022-03-04 10:40:24.693,8
286,5956,-3.6,-0.66,-0.35,24.5,2022-03-04 10:40:24.791,8
287,5976,-3.47,-0.67,0.46,24.5,2022-03-04 10:40:24.892,8
288,5996,-3.48,-0.52,-0.4,24.5,2022-03-04 10:40:24.991,8
289,6016,-3.18,-0.27,-0.53,24.5,2022-03-04 10:40:25.091,8
290,6042,-3.38,0.39,0.76,25.2,2022-03-04 10:40:25.199,8
291,6062,-3.32,-0.44,0.8,25.2,2022-03-04 10:40:25.299,8
292,6082,-3.68,-0.4,-0.57,25.2,2022-03-04 10:40:25.397,8
293,6102,-3.77,0.39,1.09,25.2,2022-03-04 10:40:25.496,8
294,6124,-4.09,-0.54,0.57,25.2,2022-03-04 10:40:25.596,8
295,6144,-4.18,-0.63,0.89,25.2,2022-03-04 10:40:25.695,8
296,6164,-4.12,-0.64,1.02,25.2,2022-03-04 10:40:25.794,8
297,6184,-3.53,-0.65,-0.67,25.2,2022-03-04 10:40:25.893,8
298,6204,-3.48,-0.4,-0.6,25.2,2022-03-04 10:40:25.993,8
299,6224,-3.37,-0.48,0.57,25.2,2022-03-04 10:40:26.091,8
300,6248,-3.76,-1.1,-0.8,25.2,2022-03-04 10:40:26.191,8
301,6268,-3.77,-0.82,0.69,21.6,2022-03-04 10:40:26.290,8
302,6288,-4.47,-0.92,-1.4,21.6,2022-03-04 10:40:26.390,8
303,6310,-3.84,-0.86,0.74,21.6,2022-03-04 10:40:26.499,8
304,6332,-3.65,-1.19,1.09,21.6,2022-03-04 10:40:26.599,8
305,6352,-3.89,-1.03,-0.5,21.6,2022-03-04 10:40:26.698,8
306,6372,-3.55,-1.06,-0.53,21.6,2022-03-04 10:40:26.798,8
307,6392,-3.61,-1.25,0.78,21.6,2022-03-04 10:40:26.896,8
308,6412,-3.57,-1.29,-0.58,21.6,2022-03-04 10:40:26.999,8
309,6432,-4.11,-1.55,0.23,21.6,2022-03-04 10:40:27.096,8
310,6452,-3.79,-1.61,0.83,21.6,2022-03-04 10:40:27.194,8
311,6476,-4.15,-1.55,0.84,21.2,2022-03-04 10:40:27.294,8
312,6496,-4.14,-1.96,0.75,21.2,2022-03-04 10:40:27.392,8
313,6516,-3.8,-2.12,1.27,21.2,2022-03-04 10:40:27.493,8
314,6538,-4.04,-2.04,-1.01,21.2,2022-03-04 10:40:27.592,8
315,6558,-4.49,-2.2,-0.83,21.2,2022-03-04 10:40:27.693,8
316,6580,-4.65,-2.46,1.14,21.2,2022-03-04 10:40:27.799,8
317,6600,-4.59,-2.44,0.73,21.2,2022-03-04 10:40:27.899,8
318,6620,-4.08,-2.09,-0.84,21.2,2022-03-04 10:40:27.998,8
319,6638,-4.53,-2.05,0.9,21.2,2022-03-04 10:40:28.087,8
320,6664,-3.89,-2.34,1.19,21.2,2022-03-04 10:40:28.198,8
321,6682,-5.03,-2.27,0.87,18.4,2022-03-04 10:40:28.285,8
322,6704,-4.78,-2.42,1.0,18.4,2022-03-04 10:40:28.394,8
323,6724,-4.11,-2.23,0.46,18.4,2022-03-04 10:40:28.498,8
324,6746,-4.1,-2.14,1.1,18.4,2022-03-04 10:40:28.593,8
325,6766,-3.96,-2.2,1.25,18.4,2022-03-04 10:40:28.692,8
326,6786,-4.15,-2.3,-0.9,18.4,2022-03-04 10:40:28.792,8
327,6806,-3.96,-2.1,0.81,18.4,2022-03-04 10:40:28.891,8
328,6826,-4.2,-2.01,1.08,18.4,2022-03-04 10:40:28.990,8
329,6846,-4.27,-1.99,1.57,18.4,2022-03-04 10:40:29.090,8
330,6872,-3.97,-1.87,-0.78,21.6,2022-03-04 10:40:29.199,8
331,6892,-3.67,-1.43,1.07,21.6,2022-03-04 10:40:29.298,8
332,6912,-3.43,-1.24,1.24,21.6,2022-03-04 10:40:29.398,8
333,6932,-2.03,-1.25,1.0,21.6,2022-03-04 10:40:29.499,8
334,6954,-1.78,-1.12,0.36,21.6,2022-03-04 10:40:29.596,8
335,6974,-1.61,-1.1,1.12,21.6,2022-03-04 10:40:29.698,2
336,6994,-1.49,-0.82,1.44,21.6,2022-03-04 10:40:29.794,2
337,7014,-1.04,-0.8,-0.87,21.6,2022-03-04 10:40:29.893,2
338,7034,-1.26,-0.86,-0.82,21.6,2022-03-04 10:40:29.993,2
339,7054,-1.19,-0.71,-1.2,21.6,2022-03-04 10:40:30.094,2
340,7078,-1.7,-0.8,-0.77,21.6,2022-03-04 10:40:30.192,2
341,7098,-1.42,-0.74,0.53,20.5,2022-03-04 10:40:30.290,2
342,7118,-1.73,-0.81,0.82,20.5,2022-03-04 10:40:30.390,2
343,7138,-1.22,-0.58,-0.47,20.5,2022-03-04 10:40:30.489,2
344,7162,-0.84,-0.53,-0.51,20.5,2022-03-04 10:40:30.598,2
345,7182,0.96,-0.57,0.71,20.5,2022-03-04 10:40:30.698,2
346,7202,0.53,-0.66,-0.42,20.5,2022-03-04 10:40:30.798,2
347,7222,-0.64,-0.73,-0.46,20.5,2022-03-04 10:40:30.898,2
348,7242,-0.84,-0.69,-0.58,20.5,2022-03-04 10:40:30.996,2
349,7262,0.6,-0.71,0.64,20.5,2022-03-04 10:40:31.096,2
350,7286,0.62,-0.64,0.57,22.3,2022-03-04 10:40:31.194,2
351,7306,0.71,-0.62,-0.54,22.3,2022-03-04 10:40:31.293,2
352,7326,0.8,-0.6,-0.8,22.3,2022-03-04 10:40:31.393,2
353,7346,1.04,-0.88,-0.36,22.3,2022-03-04 10:40:31.492,2
354,7368,0.68,-0.94,0.79,22.3,2022-03-04 10:40:31.591,2
355,7388,1.37,-0.71,-0.81,22.3,2022-03-04 10:40:31.690,2
356,7410,1.76,-0.91,1.23,22.3,2022-03-04 10:40:31.799,2
357,7430,1.76,-0.77,0.7,22.3,2022-03-04 10:40:31.899,2
358,7450,1.77,-0.82,-0.73,22.3,2022-03-04 10:40:31.999,2
359,7470,1.35,-0.93,0.66,22.3,2022-03-04 10:40:32.099,2
360,7494,2.2,-0.92,0.92,24.8,2022-03-04 10:40:32.199,2
361,7514,1.79,-0.81,0.78,24.8,2022-03-04 10:40:32.297,2
362,7534,1.98,-0.94,1.07,24.8,2022-03-04 10:40:32.395,2
363,7554,1.92,-0.68,-1.0,24.8,2022-03-04 10:40:32.495,2
364,7576,1.85,-0.64,-0.59,24.8,2022-03-04 10:40:32.594,2
365,7596,1.69,-0.73,0.81,24.8,2022-03-04 10:40:32.695,2
366,7616,1.87,-0.56,0.99,24.8,2022-03-04 10:40:32.792,2
367,7636,1.42,-0.43,0.77,24.8,2022-03-04 10:40:32.895,2
368,7656,1.6,-0.55,1.27,24.8,2022-03-04 10:40:32.991,2
369,7676,1.42,-0.59,-0.9,24.8,2022-03-04 10:40:33.090,2
370,7702,1.21,-0.7,0.62,28.4,2022-03-04 10:40:33.199,2
371,7722,0.8,-0.56,1.0,28.4,2022-03-04 10:40:33.299,2
372,7742,1.21,-0.59,0.9,28.4,2022-03-04 10:40:33.397,2
373,7762,1.26,-0.62,-0.97,28.4,2022-03-04 10:40:33.497,2
374,7784,0.97,-0.24,-0.97,28.4,2022-03-04 10:40:33.598,2
375,7804,0.96,-0.48,1.19,28.4,2022-03-04 10:40:33.697,2
376,7824,0.63,-0.37,-0.84,28.4,2022-03-04 10:40:33.798,2
377,7844,0.49,-0.31,-0.78,28.4,2022-03-04 10:40:33.895,2
378,7864,0.8,-0.33,-1.31,28.4,2022-03-04 10:40:33.997,2
379,7884,0.49,-0.27,0.83,28.4,2022-03-04 10:40:34.094,2
380,7908,0.88,0.43,1.07,30.6,2022-03-04 10:40:34.193,2
381,7928,0.56,0.32,-1.03,30.6,2022-03-04 10:40:34.294,2
382,7948,0.75,0.28,-1.26,30.6,2022-03-04 10:40:34.390,2
383,7968,0.51,0.31,-1.35,30.6,2022-03-04 10:40:34.494,2
384,7992,0.7,0.28,1.26,30.6,2022-03-04 10:40:34.598,2
385,8012,0.57,0.39,-1.11,30.6,2022-03-04 10:40:34.698,2
386,8032,-0.68,0.39,-1.16,30.6,2022-03-04 10:40:34.797,2
387,8052,-0.55,0.44,1.14,30.6,2022-03-04 10:40:34.897,2
388,8072,1.18,0.37,-0.74,30.6,2022-03-04 10:40:34.996,2
389,8092,1.37,0.43,-0.83,30.6,2022-03-04 10:40:35.096,2
390,8116,-1.39,0.53,0.8,34.6,2022-03-04 10:40:35.194,2
391,8136,0.91,0.39,-0.82,34.6,2022-03-04 10:40:35.294,2
392,8156,0.47,-0.33,-0.92,34.6,2022-03-04 10:40:35.393,2
393,8176,-0.46,-0.43,0.31,34.6,2022-03-04 10:40:35.493,2
394,8198,0.6,-0.39,-0.85,34.6,2022-03-04 10:40:35.592,2
395,8218,0.57,-0.46,-0.94,34.6,2022-03-04 10:40:35.693,2
396,8238,0.92,-0.43,1.0,34.6,2022-03-04 10:40:35.790,2
397,8260,0.73,-1.03,0.6,34.6,2022-03-04 10:40:35.899,2
398,8280,0.76,-1.73,-0.62,34.6,2022-03-04 10:40:35.998,2
399,8298,1.09,-1.65,0.44,34.6,2022-03-04 10:40:36.088,2
400,8324,1.23,-1.53,-0.9,37.8,2022-03-04 10:40:36.197,2
401,8344,0.85,-1.7,-1.31,37.8,2022-03-04 10:40:36.297,2
402,8362,1.07,-1.32,1.35,37.8,2022-03-04 10:40:36.385,2
403,8384,-0.72,-1.35,-0.87,37.8,2022-03-04 10:40:36.495,2
404,8406,-0.49,-1.43,1.14,37.8,2022-03-04 10:40:36.594,2
405,8426,0.42,-0.27,0.76,37.8,2022-03-04 10:40:36.694,2
406,8446,0.39,0.43,-1.06,37.8,2022-03-04 10:40:36.793,2
407,8466,-0.85,0.49,-0.9,37.8,2022-03-04 10:40:36.892,2
408,8486,-1.03,-0.71,-0.81,37.8,2022-03-04 10:40:36.991,2
409,8506,-1.29,-0.67,-1.05,37.8,2022-03-04 10:40:37.092,2
410,8532,0.54,-0.78,-0.82,39.6,2022-03-04 10:40:37.199,2
411,8552,0.7,-0.79,-1.56,39.6,2022-03-04 10:40:37.298,2
412,8572,0.73,-0.66,-1.75,39.6,2022-03-04 10:40:37.398,2
413,8592,0.84,0.46,-1.74,39.6,2022-03-04 10:40:37.497,2
414,8614,-0.9,-0.57,1.24,39.6,2022-03-04 10:40:37.597,2
415,8634,-1.32,0.54,-1.66,39.6,2022-03-04 10:40:37.696,2
416,8654,0.59,0.88,2.03,39.6,2022-03-04 10:40:37.795,2
417,8674,-0.81,-0.45,1.62,39.6,2022-03-04 10:40:37.895,2
418,8694,-1.25,0.58,2.02,39.6,2022-03-04 10:40:37.994,2
419,8714,-0.68,-0.38,1.9,39.6,2022-03-04 10:40:38.094,2
420,8738,0.77,-0.59,-1.69,42.5,2022-03-04 10:40:38.194,2
421,8758,0.48,-0.75,-1.57,42.5,2022-03-04 10:40:38.292,2
422,8778,-0.69,-0.58,-1.23,42.5,2022-03-04 10:40:38.391,2
423,8800,-1.01,-0.42,-1.43,42.5,2022-03-04 10:40:38.499,2
424,8822,0.44,-0.92,-1.52,42.5,2022-03-04 10:40:38.599,2
425,8842,0.94,-0.87,-0.6,42.5,2022-03-04 10:40:38.698,2
426,8862,-0.81,-0.88,-0.73,42.5,2022-03-04 10:40:38.797,2
427,8882,0.94,-0.86,0.91,42.5,2022-03-04 10:40:38.897,2
428,8902,0.33,-0.81,-1.28,42.5,2022-03-04 10:40:38.996,2
429,8922,0.62,-0.76,-1.02,42.5,2022-03-04 10:40:39.098,2
430,8940,0.72,-0.67,-0.9,42.5,2022-03-04 10:40:39.185,2
431,8966,-1.01,-0.82,-1.04,44.3,2022-03-04 10:40:39.294,2
432,8986,-0.82,-0.72,0.62,44.3,2022-03-04 10:40:39.393,2
433,9006,0.48,-0.6,0.91,44.3,2022-03-04 10:40:39.493,10
434,9028,-0.57,-0.53,0.78,44.3,2022-03-04 10:40:39.592,10
435,9048,-0.59,-0.52,-0.61,44.3,2022-03-04 10:40:39.694,10
436,9068,-0.63,-0.56,-0.99,44.3,2022-03-04 10:40:39.792,10
437,9090,-0.41,-0.62,-0.83,44.3,2022-03-04 10:40:39.899,10
438,9110,0.47,-0.68,-0.79,44.3,2022-03-04 10:40:39.998,10
439,9128,-0.23,-0.67,-0.81,44.3,2022-03-04 10:40:40.090,10
440,9154,-0.78,-0.8,0.98,45.7,2022-03-04 10:40:40.197,10
441,9174,-0.71,-0.86,0.69,45.7,2022-03-04 10:40:40.296,10
442,9194,0.61,-0.84,-0.98,45.7,2022-03-04 10:40:40.395,10
443,9214,0.67,-0.94,1.28,45.7,2022-03-04 10:40:40.495,10
444,9236,0.8,-0.87,-0.92,45.7,2022-03-04 10:40:40.594,10
445,9256,1.0,-1.27,-0.98,45.7,2022-03-04 10:40:40.694,10
446,9276,0.86,-1.21,1.01,45.7,2022-03-04 10:40:40.793,10
447,9296,1.08,-1.34,1.08,45.7,2022-03-04 10:40:40.892,10
448,9316,0.82,-1.28,0.47,45.7,2022-03-04 10:40:40.992,10
449,9336,0.83,-1.35,-0.43,45.7,2022-03-04 10:40:41.090,10
450,9360,0.84,-1.33,-0.98,46.1,2022-03-04 10:40:41.192,10
451,9382,0.36,-1.24,0.55,46.1,2022-03-04 10:40:41.299,10
452,9402,0.69,-1.26,-0.77,46.1,2022-03-04 10:40:41.399,10
453,9422,0.6,-1.2,-0.75,46.1,2022-03-04 10:40:41.497,10
454,9444,0.39,-1.1,-0.53,46.1,2022-03-04 10:40:41.597,10
455,9464,0.65,-1.08,-1.01,46.1,2022-03-04 10:40:41.696,10
456,9484,-0.68,-1.2,0.45,46.1,2022-03-04 10:40:41.795,10
457,9504,-1.02,-1.18,0.39,46.1,2022-03-04 10:40:41.894,10
458,9524,-0.82,-1.22,0.7,46.1,2022-03-04 10:40:41.993,10
459,9544,-0.54,-1.21,0.78,46.1,2022-03-04 10:40:42.097,10
460,9568,0.54,-1.24,0.6,46.1,2022-03-04 10:40:42.192,10
461,9588,-0.83,-1.14,-1.06,45.4,2022-03-04 10:40:42.291,10
462,9608,0.44,-1.27,-0.61,45.4,2022-03-04 10:40:42.391,10
463,9628,-0.2,-1.11,0.64,45.4,2022-03-04 10:40:42.490,10
464,9650,-0.48,-1.45,-0.76,45.4,2022-03-04 10:40:42.589,10
465,9672,-0.71,-1.29,0.93,45.4,2022-03-04 10:40:42.699,10
466,9692,-0.43,-0.94,0.59,45.4,2022-03-04 10:40:42.798,10
467,9712,0.58,-1.15,0.82,45.4,2022-03-04 10:40:42.897,10
468,9732,-0.57,-1.3,-1.09,45.4,2022-03-04 10:40:42.996,10
469,9752,0.3,-1.21,-0.93,45.4,2022-03-04 10:40:43.098,10
470,9776,-0.55,-1.29,-0.59,45.4,2022-03-04 10:40:43.195,10
471,9796,-0.51,-1.07,0.5,45.0,2022-03-04 10:40:43.294,10
472,9816,0.66,-0.94,-0.8,45.0,2022-03-04 10:40:43.393,10
473,9836,-0.43,-0.94,-0.52,45.0,2022-03-04 10:40:43.493,10
474,9858,0.53,-1.13,-0.47,45.0,2022-03-04 10:40:43.592,10
475,9878,0.72,-1.13,0.74,45.0,2022-03-04 10:40:43.691,10
476,9898,-1.15,-1.06,-0.64,45.0,2022-03-04 10:40:43.792,10
477,9918,0.58,-0.97,-0.59,45.0,2022-03-04 10:40:43.890,10
478,9940,-0.39,-0.9,-0.6,45.0,2022-03-04 10:40:43.999,10
479,9958,0.46,-0.95,-0.45,45.0,2022-03-04 10:40:44.090,10
480,9982,-0.73,-1.15,0.66,45.0,2022-03-04 10:40:44.187,10
481,10004,0.54,-1.06,-0.87,44.3,2022-03-04 10:40:44.296,10
482,10024,0.43,-1.06,-0.62,44.3,2022-03-04 10:40:44.395,10
483,10044,0.41,-0.87,-0.56,44.3,2022-03-04 10:40:44.497,10
484,10066,0.62,-1.01,-0.6,44.3,2022-03-04 10:40:44.594,10
485,10086,0.54,-0.93,-0.91,44.3,2022-03-04 10:40:44.694,10
486,10106,-0.68,-0.71,-0.79,44.3,2022-03-04 10:40:44.793,10
487,10126,-0.72,-0.95,0.54,44.3,2022-03-04 10:40:44.892,10
488,10146,0.67,-0.98,-0.38,44.3,2022-03-04 10:40:44.991,10
489,10166,-0.42,-1.23,-0.96,44.3,2022-03-04 10:40:45.091,5
490,10188,0.55,-1.06,-0.83,44.3,2022-03-04 10:40:45.196,5
491,10212,-0.69,-1.06,0.86,43.2,2022-03-04 10:40:45.299,5
492,10232,0.66,-1.12,-0.36,43.2,2022-03-04 10:40:45.398,5
493,10252,0.49,-1.18,0.82,43.2,2022-03-04 10:40:45.498,5
494,10272,0.25,-1.13,-0.87,43.2,2022-03-04 10:40:45.587,5
495,10294,0.71,-1.12,-0.73,43.2,2022-03-04 10:40:45.697,5
496,10314,0.9,-1.31,-0.5,43.2,2022-03-04 10:40:45.795,5
497,10334,0.78,-1.58,0.58,43.2,2022-03-04 10:40:45.895,5
498,10354,0.67,-1.63,-0.61,43.2,2022-03-04 10:40:45.994,5
499,10374,0.59,-1.76,-0.77,43.2,2022-03-04 10:40:46.094,5
500,10398,0.64,-1.79,0.7,43.2,2022-03-04 10:40:46.192,5
501,10418,0.69,-1.64,0.54,41.0,2022-03-04 10:40:46.293,5
502,10438,1.19,-1.91,-0.89,41.0,2022-03-04 10:40:46.391,5
503,10458,0.98,-2.0,-0.82,41.0,2022-03-04 10:40:46.492,5
504,10480,0.79,-2.0,-0.4,41.0,2022-03-04 10:40:46.589,5
505,10500,0.7,-1.83,-0.61,41.0,2022-03-04 10:40:46.688,5
506,10522,0.72,-1.76,-0.73,41.0,2022-03-04 10:40:46.798,5
507,10542,0.45,-1.91,-0.63,41.0,2022-03-04 10:40:46.897,5
508,10562,0.74,-1.67,-0.77,41.0,2022-03-04 10:40:46.996,5
509,10580,0.6,-1.98,-1.13,41.0,2022-03-04 10:40:47.087,5
510,10606,0.25,-1.84,-0.49,41.0,2022-03-04 10:40:47.197,5
511,10626,0.63,-2.07,-0.46,36.7,2022-03-04 10:40:47.294,5
512,10644,0.75,-1.78,-0.57,36.7,2022-03-04 10:40:47.385,5
513,10666,-0.33,-1.76,-0.66,36.7,2022-03-04 10:40:47.493,5
514,10688,0.58,-1.78,-0.6,36.7,2022-03-04 10:40:47.592,5
515,10708,0.47,-1.84,0.59,36.7,2022-03-04 10:40:47.691,5
516,10728,-0.44,-1.84,-0.48,36.7,2022-03-04 10:40:47.791,5
517,10748,0.53,-1.89,-0.6,36.7,2022-03-04 10:40:47.896,5
518,10768,0.56,-1.88,-0.47,36.7,2022-03-04 10:40:47.989,5
519,10790,0.45,-2.02,-0.56,36.7,2022-03-04 10:40:48.098,5
520,10812,-0.78,-2.14,-0.44,36.7,2022-03-04 10:40:48.189,5
521,10834,0.71,-1.92,-0.41,31.7,2022-03-04 10:40:48.297,5
522,10854,0.38,-1.96,-0.89,31.7,2022-03-04 10:40:48.396,5
523,10874,0.41,-2.01,-0.62,31.7,2022-03-04 10:40:48.495,5
524,10896,0.38,-1.82,-0.77,31.7,2022-03-04 10:40:48.595,5
525,10916,-0.49,-1.92,-0.83,31.7,2022-03-04 10:40:48.694,5
526,10936,0.59,-1.83,0.79,31.7,2022-03-04 10:40:48.794,5
527,10956,0.48,-2.05,-0.98,31.7,2022-03-04 10:40:48.892,5
528,10976,0.44,-1.95,-0.93,31.7,2022-03-04 10:40:48.992,5
529,10996,0.39,-2.13,0.69,31.7,2022-03-04 10:40:49.091,5
530,11020,0.52,-2.02,0.57,31.7,2022-03-04 10:40:49.191,5
531,11040,0.39,-1.96,-0.93,25.6,2022-03-04 10:40:49.289,5
532,11062,0.28,-2.04,-0.53,25.6,2022-03-04 10:40:49.399,5
533,11080,0.1,-1.85,0.23,25.6,2022-03-04 10:40:49.488,5
534,11104,0.53,-1.89,0.54,25.6,2022-03-04 10:40:49.597,5
535,11124,0.66,-1.83,-0.89,25.6,2022-03-04 10:40:49.697,5
536,11144,-0.32,-1.83,-0.9,25.6,2022-03-04 10:40:49.796,5
537,11164,0.51,-1.72,-0.91,25.6,2022-03-04 10:40:49.895,5
538,11184,0.37,-1.76,-0.27,25.6,2022-03-04 10:40:49.994,5
539,11204,0.4,-1.72,0.25,25.6,2022-03-04 10:40:50.095,5
540,11224,0.35,-1.8,0.25,25.6,2022-03-04 10:40:50.193,5
541,11248,0.48,-1.67,-0.47,25.6,2022-03-04 10:40:50.292,5
542,11268,0.34,-1.61,-0.63,18.7,2022-03-04 10:40:50.391,5
543,11288,0.33,-1.61,-0.32,18.7,2022-03-04 10:40:50.491,5
544,11310,0.35,-1.64,-0.5,18.7,2022-03-04 10:40:50.591,5
545,11330,0.35,-1.5,-0.35,18.7,2022-03-04 10:40:50.690,5
546,11350,0.24,-1.45,-0.37,18.7,2022-03-04 10:40:50.788,5
547,11370,0.36,-1.48,-0.43,18.7,2022-03-04 10:40:50.888,5
548,11392,0.26,-1.34,-0.39,18.7,2022-03-04 10:40:50.997,5
549,11412,0.21,-1.2,-0.21,18.7,2022-03-04 10:40:51.096,5
550,11432,0.24,-1.05,-0.29,18.7,2022-03-04 10:40:51.193,5
551,11456,0.22,-0.88,-0.38,11.2,2022-03-04 10:40:51.295,5
552,11476,-0.18,-0.34,-0.34,11.2,2022-03-04 10:40:51.394,5
553,11496,-0.25,0.45,-0.21,11.2,2022-03-04 10:40:51.493,5
554,11518,-0.17,0.59,-0.22,11.2,2022-03-04 10:40:51.593,5
555,11538,-0.21,0.67,-0.29,11.2,2022-03-04 10:40:51.692,5
556,11558,-0.24,0.65,-0.43,11.2,2022-03-04 10:40:51.791,5
557,11578,-0.25,0.65,-0.31,11.2,2022-03-04 10:40:51.891,5
558,11598,-0.22,0.86,0.14,11.2,2022-03-04 10:40:51.990,5
559,11618,-0.16,0.91,-0.28,11.2,2022-03-04 10:40:52.089,5
560,11644,-0.24,0.89,-0.3,11.2,2022-03-04 10:40:52.198,5
561,11664,-0.22,0.69,-0.22,7.9,2022-03-04 10:40:52.299,5
562,11684,-0.21,0.67,-0.38,7.9,2022-03-04 10:40:52.397,5
563,11704,-0.25,0.66,-0.33,7.9,2022-03-04 10:40:52.499,5
564,11726,-0.22,0.65,-0.25,7.9,2022-03-04 10:40:52.595,5
565,11746,-0.16,0.6,-0.23,7.9,2022-03-04 10:40:52.695,5
566,11766,-0.2,0.56,-0.28,7.9,2022-03-04 10:40:52.794,5
567,11786,-0.26,0.57,-0.22,7.9,2022-03-04 10:40:52.893,5
568,11806,-0.2,0.56,-0.28,7.9,2022-03-04 10:40:52.992,5
569,11826,-0.2,0.5,-0.31,7.9,2022-03-04 10:40:53.091,5
570,11846,-0.19,0.44,-0.37,7.9,2022-03-04 10:40:53.191,5
571,11870,-0.18,0.39,-0.31,7.9,2022-03-04 10:40:53.290,5
572,11892,-0.23,0.36,-0.28,0.7,2022-03-04 10:40:53.399,5
573,11912,-0.11,0.31,-0.32,0.7,2022-03-04 10:40:53.499,5
574,11932,-0.22,0.37,-0.17,0.7,2022-03-04 10:40:53.588,5
575,11954,-0.24,0.3,-0.21,0.7,2022-03-04 10:40:53.699,5
576,11974,-0.2,0.66,-0.26,0.7,2022-03-04 10:40:53.798,5
577,11994,-0.24,1.11,-0.28,0.7,2022-03-04 10:40:53.897,5
578,12014,-0.23,1.23,-0.31,0.7,2022-03-04 10:40:53.996,5
579,12034,-0.3,1.25,-0.25,0.7,2022-03-04 10:40:54.094,5
580,12054,-0.25,1.09,-0.23,0.7,2022-03-04 10:40:54.194,5
581,12078,-0.23,0.86,-0.22,4.0,2022-03-04 10:40:54.292,5
582,12098,-0.17,0.79,-0.26,4.0,2022-03-04 10:40:54.393,5
583,12118,-0.25,0.86,-0.2,4.0,2022-03-04 10:40:54.493,5
584,12140,-0.26,0.92,-0.28,4.0,2022-03-04 10:40:54.590,5
585,12162,-0.31,0.9,-0.32,4.0,2022-03-04 10:40:54.699,5
586,12182,-0.29,0.85,-0.39,4.0,2022-03-04 10:40:54.799,5
587,12202,-0.25,0.89,-0.28,4.0,2022-03-04 10:40:54.899,5
588,12222,-0.26,0.82,-0.32,4.0,2022-03-04 10:40:54.998,5
589,12242,-0.31,0.83,-0.35,4.0,2022-03-04 10:40:55.099,5
590,12266,-0.27,0.82,-0.3,4.0,2022-03-04 10:40:55.198,5
591,12286,-0.18,0.76,-0.34,0.4,2022-03-04 10:40:55.296,5
592,12306,-0.23,0.61,-0.25,0.4,2022-03-04 10:40:55.395,5
593,12326,-0.18,0.6,-0.34,0.4,2022-03-04 10:40:55.494,5
594,12348,-0.21,0.52,-0.31,0.4,2022-03-04 10:40:55.593,5
595,12368,-0.2,0.5,-0.23,0.4,2022-03-04 10:40:55.693,5
596,12388,-0.2,0.51,-0.28,0.4,2022-03-04 10:40:55.793,5
597,12408,-0.17,0.46,-0.27,0.4,2022-03-04 10:40:55.890,5
598,12428,-0.19,0.42,-0.23,0.4,2022-03-04 10:40:55.990,5
599,12448,-0.2,0.34,-0.35,0.4,2022-03-04 10:40:56.089,5
600,12474,-0.2,0.33,-0.34,0.4,2022-03-04 10:40:56.199,5
601,12494,-0.16,0.37,-0.37,0.0,2022-03-04 10:40:56.299,5
602,12514,-0.24,0.28,-0.24,0.0,2022-03-04 10:40:56.397,5
603,12534,-0.21,0.32,-0.25,0.0,2022-03-04 10:40:56.496,5
604,12556,-0.22,0.3,-0.38,0.0,2022-03-04 10:40:56.596,5
605,12576,-0.17,0.21,-0.31,0.0,2022-03-04 10:40:56.695,0
606,12596,-0.17,0.24,-0.25,0.0,2022-03-04 10:40:56.796,0
607,12616,-0.25,0.27,-0.33,0.0,2022-03-04 10:40:56.895,0
608,12636,-0.18,0.27,-0.29,0.0,2022-03-04 10:40:56.992,0
609,12656,-0.16,0.25,-0.34,0.0,2022-03-04 10:40:57.096,0
610,12680,-0.15,0.24,-0.41,0.0,2022-03-04 10:40:57.191,0
611,12700,-0.26,0.19,-0.18,0.0,2022-03-04 10:40:57.290,0
612,12720,-0.24,0.17,-0.27,0.0,2022-03-04 10:40:57.390,0
613,12742,-0.2,0.23,-0.3,0.0,2022-03-04 10:40:57.499,0
614,12764,-0.17,0.18,-0.28,0.0,2022-03-04 10:40:57.598,0
615,12784,0.11,0.14,-0.34,0.0,2022-03-04 10:40:57.698,0
616,12804,-0.2,0.19,-0.25,0.0,2022-03-04 10:40:57.799,0
617,12824,-0.11,0.15,-0.35,0.0,2022-03-04 10:40:57.896,0
618,12844,-0.18,0.18,-0.3,0.0,2022-03-04 10:40:57.995,0
619,12864,0.11,0.14,-0.25,0.0,2022-03-04 10:40:58.097,0
620,12888,-0.21,0.12,-0.26,0.0,2022-03-04 10:40:58.194,0
621,12908,-0.16,0.13,-0.32,0.0,2022-03-04 10:40:58.294,0
622,12928,-0.21,0.16,-0.26,0.0,2022-03-04 10:40:58.394,0
623,12948,-0.16,0.13,-0.24,0.0,2022-03-04 10:40:58.491,0
624,12970,-0.2,0.12,-0.32,0.0,2022-03-04 10:40:58.591,0
625,12990,-0.19,0.12,-0.33,0.0,2022-03-04 10:40:58.690,0
626,13010,-0.12,0.13,-0.29,0.0,2022-03-04 10:40:58.789,0
627,13032,-0.23,0.11,-0.23,0.0,2022-03-04 10:40:58.898,0
628,13052,-0.19,0.1,-0.27,0.0,2022-03-04 10:40:58.998,0
629,13072,-0.21,0.08,-0.32,0.0,2022-03-04 10:40:59.098,0
630,13096,-0.19,0.1,-0.36,0.0,2022-03-04 10:40:59.197,0
631,13116,0.15,0.1,-0.36,0.0,2022-03-04 10:40:59.296,0
632,13136,-0.19,0.12,-0.25,0.0,2022-03-04 10:40:59.396,0
633,13156,-0.23,0.1,-0.28,0.0,2022-03-04 10:40:59.495,0
634,13178,-0.24,0.08,-0.25,0.0,2022-03-04 10:40:59.594,0
635,13198,-0.19,0.12,-0.3,0.0,2022-03-04 10:40:59.692,0
636,13218,-0.12,0.1,-0.32,0.0,2022-03-04 10:40:59.793,0
637,13238,-0.19,0.07,-0.24,0.0,2022-03-04 10:40:59.891,0
638,13258,-0.17,0.09,-0.26,0.0,2022-03-04 10:40:59.991,0
639,13280,-0.18,-0.08,-0.34,0.0,2022-03-04 10:41:00.099,0
640,13300,0.15,0.08,-0.32,0.0,2022-03-04 10:41:00.199,0
641,13324,-0.23,0.1,-0.27,0.0,2022-03-04 10:41:00.298,0
642,13344,-0.2,0.1,-0.25,0.0,2022-03-04 10:41:00.397,0
643,13364,-0.23,0.09,-0.29,0.0,2022-03-04 10:41:00.498,0
644,13386,-0.13,0.07,-0.33,0.0,2022-03-04 10:41:00.595,0
645,13406,-0.18,0.1,-0.3,0.0,2022-03-04 10:41:00.695,0
646,13426,-0.2,0.08,-0.26,0.0,2022-03-04 10:41:00.794,0
647,13446,-0.19,0.08,-0.29,0.0,2022-03-04 10:41:00.894,0
648,13466,-0.18,-0.11,-0.31,0.0,2022-03-04 10:41:00.994,0
649,13486,-0.14,0.1,-0.34,0.0,2022-03-04 10:41:01.093,0
650,13510,-0.21,0.09,-0.22,0.0,2022-03-04 10:41:01.195,0
651,13530,-0.19,0.08,-0.27,0.0,2022-03-04 10:41:01.291,0
652,13550,-0.19,0.09,-0.25,0.0,2022-03-04 10:41:01.392,0
653,13572,0.12,0.09,-0.3,0.0,2022-03-04 10:41:01.499,0
654,13594,-0.2,-0.08,-0.28,0.0,2022-03-04 10:41:01.598,0
655,13614,-0.16,0.08,-0.32,0.0,2022-03-04 10:41:01.698,0
656,13634,-0.15,0.09,-0.33,0.0,2022-03-04 10:41:01.797,0
657,13654,-0.24,0.08,-0.24,0.0,2022-03-04 10:41:01.897,0
658,13674,-0.16,-0.08,-0.27,0.0,2022-03-04 10:41:01.995,0
659,13694,-0.19,0.08,-0.27,0.0,2022-03-04 10:41:02.094,0
660,13716,-0.13,0.09,-0.3,0.0,2022-03-04 10:41:02.198,0
661,13738,-0.19,-0.08,-0.21,0.0,2022-03-04 10:41:02.293,0
662,13758,-0.22,0.07,-0.26,0.0,2022-03-04 10:41:02.399,0
663,13778,-0.2,-0.09,-0.33,0.0,2022-03-04 10:41:02.493,0
664,13800,-0.2,0.09,-0.29,0.0,2022-03-04 10:41:02.591,0
665,13820,0.15,0.09,-0.33,0.0,2022-03-04 10:41:02.691,0
666,13842,-0.17,-0.09,-0.29,0.0,2022-03-04 10:41:02.799,0
667,13862,-0.23,0.08,-0.33,0.0,2022-03-04 10:41:02.899,0
668,13882,0.13,-0.1,-0.33,0.0,2022-03-04 10:41:02.998,0
669,13900,-0.21,-0.08,-0.27,0.0,2022-03-04 10:41:03.088,0
670,13926,-0.23,-0.1,-0.29,0.0,2022-03-04 10:41:03.197,0
671,13946,-0.23,0.06,-0.28,0.0,2022-03-04 10:41:03.296,0
672,13966,-0.15,-0.11,-0.25,0.0,2022-03-04 10:41:03.395,0
673,13986,-0.24,-0.11,-0.25,0.0,2022-03-04 10:41:03.496,0
674,14008,-0.16,-0.09,-0.22,0.0,2022-03-04 10:41:03.594,0
675,14028,-0.21,-0.1,-0.24,0.0,2022-03-04 10:41:03.693,0
676,14048,-0.19,-0.14,-0.23,0.0,2022-03-04 10:41:03.793,0
677,14068,-0.2,0.09,-0.36,0.0,2022-03-04 10:41:03.891,0
678,14088,-0.2,-0.13,-0.19,0.0,2022-03-04 10:41:03.991,0
679,14108,-0.25,0.16,-0.32,0.0,2022-03-04 10:41:04.091,0
680,14132,-0.23,0.07,-0.32,0.0,2022-03-04 10:41:04.190,0
681,14154,-0.2,0.08,-0.34,0.0,2022-03-04 10:41:04.298,0
682,14174,-0.18,0.1,-0.37,0.0,2022-03-04 10:41:04.399,0
683,14194,0.17,-0.15,-0.28,0.0,2022-03-04 10:41:04.497,0
684,14216,-0.22,-0.11,-0.36,0.0,2022-03-04 10:41:04.596,0
685,14236,0.32,0.23,-0.8,0.0,2022-03-04 10:41:04.695,0
686,14256,-0.19,0.12,-0.45,0.0,2022-03-04 10:41:04.794,0
687,14276,-0.19,0.08,-0.34,0.0,2022-03-04 10:41:04.895,0
688,14296,-0.15,0.12,-0.3,0.0,2022-03-04 10:41:04.994,0
